id;schedule_id;schedule_name;schedule_begin_date;schedule_end_date
1;73181;Account Wyoming;2022-08-25;2022-08-24
2;13243;Tasty global Rapids;2022-08-24;2022-08-24
3;65504;Generic Clothing;2022-08-24;2022-08-24
4;40348;Account;2022-08-24;2022-08-24
5;98261;Chair Account;2022-08-24;2022-08-24
6;57321;Home;2022-08-24;2022-08-24
7;59846;Motorway back Orchestrator;2022-08-24;2022-08-25
8;84877;niches dot-com;2022-08-24;2022-08-24
9;47196;silver matrix;2022-08-24;2022-08-24
10;86682;compelling disintermediate Optional;2022-08-24;2022-08-24
